date,CA,LBHA,LSA,TA,HV,LV,NA,LB,HB
199001,-1.7719843209816795,1.4982616341170019,-7.4575,1.6790611173629277,-7.271919442490434,0.022091178291023014,-5.392943590155963,-1.3534573705216717,-22.772631798399612
199002,1.4189657500607389,3.642659065862803,1.0545,0.20528945887750188,-0.9861666365483708,0.06205500554766988,-1.7684045879502963,-2.1185135373270834,5.151407711465572
199003,1.375006965626473,1.7371800271189461,1.7385,-1.5726880317466272,-0.01866524383393653,0.3416385707010581,-0.33392580102960745,1.4524344396252533,4.480134308032211
199004,-0.3955881948792339,0.7345198084831313,-3.1919999999999997,2.4747040178423667,-3.2943813730269538,0.2535676970849504,-2.578905014248129,2.1237395657472753,-10.101797527390033
199005,2.5880099018148965,1.2989232678146654,7.999,0.7543791161812484,8.038876948211012,-0.11364957808475104,1.337510624831423,-1.5552304803259909,26.25907990386869
199006,-0.7102705157507647,0.35259988749697097,-1.0355,0.3081708090688773,-1.2931525217184672,0.14100741111934692,-0.15819776456410362,-2.327514233417194,-3.483473418650898
199007,0.3488340396277797,-0.6557476358034066,-1.805,2.4498819356434183,-3.117754622532096,0.013516636694224232,-2.8065854707011937,-1.2102261600385078,-5.856310538428672
199008,-7.0445539850170515,0.7645941666560379,-9.6425,3.8981928709973417,-8.586346370587313,0.11934170089504209,-5.408063357835941,1.1431525634734916,-30.318937417467108
199009,-2.1120674197723415,2.3661737977236585,-5.814,1.3105221886763088,-2.6962341804750354,0.257679198114271,-4.016473451955715,3.5557105232686546,-17.664969085153704
199010,-1.8327728717194245,-1.671986037018347,-1.8239999999999998,-1.0984043065836118,-0.3770441489493511,0.2062698689912847,0.15536591762366414,0.5957663863674814,-6.584984646710953
199011,2.1224203847726457,-0.8633962621196672,6.0325,2.1956495714778086,6.47063729582622,0.01750992212753666,4.155892226777805,-0.49086595885806306,20.037373891953624
199012,0.47161814559935133,0.5490878612554184,2.3369999999999997,1.674254890729045,1.3367063506618102,0.18904219902352062,1.8143392563183611,2.896805266867587,6.555289570469485
199101,1.3332743960911566,5.420325878311131,4.4555,0.1343330349414844,4.496742778287377,0.1327587802970822,-0.45145287504534437,1.448521862085018,14.077069525689657
199102,2.852347099556016,4.437906559936106,6.8305,-0.4446918576246317,4.720855897888322,0.048449877880538894,3.6947241466022036,2.817246444307512,21.399740719975487
199103,-0.33758216359694804,1.2302068595122742,2.5174999999999996,-1.5410048169445794,0.16787400383520712,0.06578986470416248,1.6672428453299073,-0.7435458347741027,8.004514267955612
199104,1.6963886684956146,0.15510483610066064,-0.266,0.17248492372247481,-0.4225662574778704,0.25980864577225193,-2.6516387575388234,-1.6846461328109954,-1.780835018549463
199105,1.0589952595345018,4.526569188588113,3.4675,1.237216251351509,1.9252265799550934,0.20669593029646097,2.2871159819170104,-2.6837414728367928,11.948080800493198
199106,-2.2117802879835993,3.4992085341310912,-4.6930000000000005,2.248978499277572,-2.987886503013917,0.1470703838839644,-3.828317654333879,-0.3826125536316469,-13.155185326002234
199107,2.3981735289654504,-0.2609899079097088,4.028,0.04234747114167703,2.850045520812504,0.07491858268798532,4.251469861370271,-0.3789243227457797,14.187936766945326
199108,2.0527144246062203,2.8194672568620267,2.2039999999999997,-0.709061359727543,1.2526004005308708,0.21208249251904004,1.594062276847687,1.4409988991378642,7.304675862448139
199109,-0.7496441034291863,-1.6083261198606014,-1.5105,4.598771948788037,-0.7637182479605755,0.18357891862855186,-0.42551474560480296,0.18343452778293523,-4.664669401005669
199110,0.33015472358410236,5.617160407002076,1.2255,2.5216875973183273,1.3084847690317496,0.02044593413024562,-0.5251088479560233,0.46720677576300723,4.3061974160818535
199111,0.5303198059881988,3.0693798092944156,-3.9805,-0.5917923363224529,-1.7990743734289814,0.02163441371290417,-4.003956693253448,1.463440908965357,-12.537223487006235
199112,7.701121612627853,3.361596613791861,10.298,1.3960870934012577,10.797433955643395,0.20322819854179203,5.141534165868378,-0.6899031207401441,33.39834644817875
199201,0.6565788523311517,5.664463617561375,-0.5605,3.614406437011418,0.8161616006494548,0.1981810129140752,2.68935020834358,5.595332868587916,-2.708570312101476
199202,-1.7943944517881811,3.5445664436170206,1.0355,2.6718968056536316,0.3950478600864178,-0.00986030688515857,1.3694621241738993,-4.355175822917332,3.1412835821187355
199203,-1.7372543057181675,1.206953844469005,-2.527,-2.155111237790142,0.6093174581586853,-0.01704850182438225,1.2459400900698463,-2.082153674250817,-7.703452867618206
199204,0.044795780051914535,1.842526385590681,1.0165,4.69866895399301,-1.6895002752267576,0.08233209089163462,0.6061114302306385,-0.4571833282500808,2.3066056440744642
199205,1.9984283641058371,-1.0831986489843262,0.285,-0.709424949406106,-0.3350006682035748,0.1109862677433564,0.11933160976651758,0.762422408926385,2.0893866284040086
199206,-0.19874664334135972,-0.9301154572216991,-2.223,-0.5569761324560165,-3.429803522673136,-0.02842261783582306,-3.411980601907146,3.9904525784134477,-6.403599441217324
199207,2.229550492699521,-2.161624906314538,3.5814999999999997,4.442563161350183,4.712714898825923,0.13108457138206817,1.6872332331193696,1.5603214040086382,10.572288534531115
199208,-0.6892993818950546,1.7394682139362057,-2.2609999999999997,2.4156277279989267,-2.802594264788895,0.11036461491160961,0.15107366807330647,0.18407582665208275,-5.274117637821648
199209,-0.8277343813549072,-0.45769280891006714,1.1304999999999998,1.15319319310991,2.370707111682844,0.06800442266625334,-0.37076356782749187,-2.5228489001027663,3.3886337935099697
199210,0.7910803068057823,-1.1347882433149197,0.969,2.2283299272167385,0.9612111667211134,-0.01250760243571987,2.6356350686330368,0.6400049711171834,2.5527044658940286
199211,2.1665710217769423,-0.5546989218248858,3.9234999999999998,-0.7406786230897242,4.902235142304177,-0.10285185707671471,0.6592429655207537,2.2043419582485115,12.408093482916392
199212,-0.5311300382968158,0.3641173726884263,1.4535,5.00535720962278,1.3139857037151446,0.11884228119985035,0.1652700849932689,1.8084327739619348,4.316550353930268
199301,3.15298463027293,-1.5842977547962307,0.8835,-2.946034838786634,-0.290300502094631,0.0240031452984545,-0.3896629393645283,-0.5217992728908574,3.1556424059218697
199302,1.1688971893608644,2.803690862791702,0.11399999999999999,1.8397943529704477,0.5325041955523377,0.22069846348040414,-2.3246829229166823,3.359073538854014,2.3008204818153084
199303,3.1429853422811176,3.172259007186716,2.1849999999999996,0.15234870919702748,0.5834355608758222,0.18005562896967742,3.5900013271948157,2.6030394401787187,6.641258882866446
199304,-2.3390896314414915,1.5066627707954714,-2.8974999999999995,1.6886594626545168,-1.9662785242754173,0.17442000375134936,1.306361074987353,-3.6613758124802165,-8.367869384826593
199305,1.4144051418323422,-1.6681041319161265,2.7455,-0.5194910936184998,5.500918829473383,0.08596801683073181,1.2855167480822773,-0.8209863483040626,9.08122205300067
199306,-0.939859865688532,6.092416355739798,0.2945,-0.09925996996571995,-0.24722183495968358,0.14931501336248126,-1.834343855167196,3.8479821014545617,0.8831795213765987
199307,2.0999188499971875,-1.1185418070901654,-0.323,-1.4506258569143815,-1.4110093909870036,0.07430675764515925,-1.1041763305420358,-3.002828153243967,-0.046988391159918486
199308,2.406590940108322,4.288826000451284,3.5244999999999997,0.6230264289290276,4.044127092646484,-0.024074942552821096,-0.19673207280441263,-1.0658067139927572,11.617102771126772
199309,0.2860244664789513,2.0786327736522305,-0.11399999999999999,5.406217169336969,1.304659732538347,0.08238889855630863,-1.1043951904489249,2.492750023532515,0.5468395704339702
199310,0.8862539110854742,-4.688765164346236,1.3395,0.02175284192650717,-0.3947981557842657,0.18076628164943637,-0.7160227501724088,-1.2677250959181192,3.451186189474734
199311,-1.8792950592547326,1.1813410821164902,-1.7954999999999999,2.7795273532241485,-2.6697540876497365,0.05596467350523942,-0.7728300846768601,1.5417657991574387,-5.147900127555588
199312,1.8171568508193114,1.8517935242532926,1.5675,1.0588340623612877,3.198418780976365,0.1538905577821915,-0.49221249842752823,2.2122916208467225,4.635061085891008
199401,4.366137201799793,-0.5724860433713055,2.7265,-1.7576674461046988,2.780991685618577,0.1273194531690937,2.6017749797988117,2.063195736012285,7.679197401556923
199402,0.10629945307569932,-3.353568170748916,-2.4225,2.681159604394269,-1.5586876694111833,0.18322774453779378,-1.8161061803330045,-2.7745683604375695,-6.811672810444229
199403,-4.548653300769995,4.64533642268,-4.541,4.786739957278368,-3.3654541528422426,0.06335240145290402,-2.2791860137864357,-1.5309275833349312,-13.141010243050701
199404,2.165941154297342,-0.5711522383256987,0.646,1.6377299294243903,0.20655113910107858,-0.02519627899450569,-2.598422218692942,1.0784469760910789,3.092497109714497
199405,-2.485814908580658,2.747193583771268,0.5509999999999999,-1.3685660190837912,-0.8843026388242148,0.23079022620358344,-0.7921881602433587,0.6761871293431788,1.9510729353884741
199406,-1.8244660670402655,0.6890355519054152,-2.8785,1.9373865641953922,0.1399802169462001,0.13884173710481074,-4.336628124253352,3.778942927768878,-9.424077670320724
199407,3.5571522670695357,0.3486430526269072,2.679,0.032894055067678174,1.9001358985062673,0.1563111659287116,2.602669839217076,0.9905585156079801,8.225217451735707
199408,2.7848363567686247,1.5962676411752192,3.8094999999999994,2.324747517234197,4.6371625946081885,0.03904942248452467,0.3352681955531158,1.6594741364486456,12.261323206084914
199409,-1.894448265805954,-1.4832682525727447,-2.1945,1.1642809870463326,-1.7091766199379232,0.10682031961104071,-1.3793200777432972,1.5384853212447323,-6.322266947943633
199410,-0.16974006532061536,-2.0958377153800343,1.273,0.5498100896511532,1.7408847082301024,0.16076934256024705,1.4523777848926223,3.0526504534504424,5.131119707164566
199411,-0.5135151546706618,3.01791924228492,-3.8379999999999996,-1.283551085157437,-4.720294918758035,0.15896269973865373,-1.5864335080222765,1.0405341071083918,-11.39850495926063
199412,2.4925124073497575,2.7225647540623443,0.817,2.238058821108356,1.27440164706193,0.12549941877820112,-0.4333132248139023,0.15445210154660233,3.0762810030284298
199501,0.37998586880124763,3.402129489438675,1.71,2.4943746729831417,0.7517054252966141,0.11054145923620129,-0.5739117422429432,0.47132288866406574,6.011109002007363
199502,1.7847375715407339,2.6456656883239464,3.4484999999999997,1.807904097560721,0.5655789910314426,0.16550542542877567,2.915350167728242,1.3042969299818776,10.070880277581153
199503,2.8464934789262717,1.061686784182272,2.0805,1.9230099375350391,2.5812763307443687,0.16489637867063345,0.7610325535313479,-2.5237009765003386,8.433947796999753
199504,2.565408780794637,0.9448540927428173,2.0044999999999997,0.18547724802262866,3.167453434798233,0.23600447948567418,1.4033856503246107,2.543156730340731,6.741422168289026
199505,-0.6219154697508051,2.7209514612039123,2.755,2.7860426110916476,5.253823801154584,0.07031569523424852,3.058923393181652,2.2968145374026205,8.082959247582574
199506,2.6759721329094646,0.4199406320582857,2.584,3.1514414837817712,2.860308082753567,0.18454631253074746,1.4963051095675557,3.076691210141128,8.037577909495102
199507,3.382139218103668,2.4889892429198484,3.534,-1.5202004790928416,5.30028876774411,-0.031122504416752184,1.9752722749204565,-1.00552205349348,12.416828454739218
199508,1.906397095318384,-1.9262031259719916,0.5225,2.352964951282809,1.4090803083007923,0.09609794153454104,-4.165713372469506,3.197288756894411,2.267204693329983
199509,2.8334959956128776,-1.624436543401552,3.1825,-2.3493584488195305,1.6635713982605873,-0.18982660690471295,0.8533583122768751,0.22771212475732472,10.121453936028535
199510,-2.415153275803866,-1.6141216124220032,-1.444,-2.498165285726081,0.3703834944696487,0.07345102513050229,-1.9714684237786646,-2.004877184467602,-3.675823479785489
199511,0.8873117424025714,1.2204602023208437,3.762,-1.4143474421659967,1.7552270114676287,0.05566562181731065,3.234923255251301,2.643423339780852,11.656603702215435
199512,2.2270369005970276,-0.6707938470416274,0.9784999999999999,-1.0339972229499925,3.079225622353607,0.09307675292068901,-1.1088898662337363,2.051914999669248,3.574158535402356
199601,1.9511709961601786,-1.3039705869848457,2.147,2.471519619858232,3.4224934932486937,0.21392577107669808,1.5833758809186467,-0.208764557964622,7.142523806301076
199602,-0.15815730767789593,0.16662678509723175,1.2635,-2.26752713581764,2.816843791387522,0.08759589408072058,-0.5643457274461887,-1.3418210946266393,5.286880272994416
199603,3.1354845899168753,-0.96109176995195,0.6935,2.3859101712410196,-0.03933347969857237,0.1175423862454448,-2.6594851089029894,0.3844200418663384,3.6474408395838345
199604,-0.60963629063577,1.4286896607438284,1.9569999999999999,4.706423073268265,3.3597085249694523,0.06528205010026625,-0.2533028225389856,-0.4277841983511893,6.689074295552589
199605,1.6899366628793318,0.7286634093095212,2.242,0.3138789373505312,2.8564030893887975,0.13402203061027745,4.165065019304978,0.6339202648354266,7.881932248078897
199606,-1.7057371915935104,1.5868489817986249,-1.083,2.4460293570520157,-1.5866077286410332,0.17394090491562703,-2.6951367171738734,6.550839452539256,-2.693402860613757
199607,-1.2135193631541537,2.577761148166206,-5.671499999999999,-0.6531906633825377,-4.2071424161933635,-0.031928154999793235,-3.03878912728016,-0.8008330770809949,-18.494233547775853
199608,0.7621404926166586,-2.515243246097401,2.6315,-0.8799350283917773,2.358431050236142,0.06629607949530261,1.2194457313766027,0.2954396136065149,8.983817663058055
199609,5.711929677210421,-0.6137047692942131,4.759499999999999,-0.2547335864790392,3.7104693078080904,0.11384522105757977,2.9950218908505097,3.2887722831617507,13.968687261210556
199610,1.2554890502078604,-0.951411870216956,0.817,-0.6564176689598153,0.6402077422239795,0.09285934777805607,-1.996298602675142,-2.648636399247015,2.801443151939708
199611,3.0977743929007158,-2.2362819672947802,5.9375,1.512830837313281,6.758140500819302,0.06603763104940602,5.671652164089361,-2.683170129353099,18.821474781090586
199612,1.5916135702453125,1.7435858746567003,-1.615,-0.6190343237200742,-1.3844397272328113,0.20928562998387748,-1.122856093910474,0.7216040345723311,-5.005086494499733
199701,1.8776448725630823,2.3345572578188336,4.7405,0.3432853866802922,3.8837618671281486,0.04736180254184035,3.172987205128332,6.401075876188192,16.04138751662068
199702,-0.45246638057044664,-2.379749581433317,-0.46549999999999997,-2.328991937649186,3.5213698112548664,0.07845191300750123,-0.828457982024255,3.7030010691422857,-0.07563777964804053
199703,-0.4100161305654828,-1.4863034640855926,-4.7785,1.5338959594313564,-2.63630317798857,0.09723911916803271,-2.1799466805783965,1.2406517041857463,-14.979381545041234
199704,-0.18885894488765365,3.6292517458014744,3.8379999999999996,1.0310170961972192,4.358765413065626,0.06970916784417183,1.6237315668151255,3.0603546102716352,13.009028361923706
199705,3.123491514273089,2.057058787583371,6.403,3.19938556563533,6.39125369012337,0.23037824097038473,2.5534020127245114,3.9672139893363294,19.9592363023753
199706,-1.025603190527376,1.0846970602787243,3.8949999999999996,2.314865305682623,3.9810966443975775,-0.07981566647171867,0.6527680385269621,0.03668680528499585,12.788746130071038
199707,6.798808792954979,2.4483730210156516,6.9635,1.2452528863847387,5.2956636175686915,0.019048541936107305,2.121071044364113,1.2933784011161502,22.170445819129142
199708,-4.728406332481722,-2.217530733662645,-3.9425000000000003,0.6696708335451702,-3.253142505473104,0.29989995705072864,-2.6886255018635574,-2.066549425709732,-11.387124089161055
199709,2.4425763124932725,-1.8848193845692283,5.0825,-2.0520141555486235,4.638420429270447,0.014479134021180423,1.7815369578348152,0.5937436436732959,16.190949196585528
199710,-3.7283915891364106,1.2281818434309277,-3.61,-0.41988063133706977,-3.704583277027228,0.24905672622793365,-3.355962693426025,-1.6542531957881375,-11.523053565804352
199711,0.21112615616140373,1.564951282485799,2.831,-0.9729986860143622,3.5673348389679633,0.10309726442046334,-0.9073156033982024,1.5345326297521367,9.10731165009889
199712,1.0440048487225313,0.7482101481322486,1.254,-1.3774821629170202,1.7295477330764484,0.09256018892851361,-0.48009738473868424,1.733096808718833,4.709418691011608
199801,2.5689787439650624,-3.4813921245326895,0.1425,0.9669827883972136,0.6773139752299702,0.14866246496345487,-0.07316758841934984,0.6186402868522909,1.6810570941043008
199802,1.9768178644830803,1.8202053192809426,6.688,1.0690215933293583,5.304076753932671,0.06223926410007132,5.067000889634792,5.607618008590651,21.41875081101538
199803,1.7525692614681059,-1.605215537441437,4.521999999999999,-1.6153601506754913,3.4203079388580213,0.11331559565572316,-0.3897922971709362,1.5340392700192433,14.134456431999785
199804,-2.032028056692252,-0.5912391329626641,0.6935,2.596524247432673,1.633905406982866,0.1790707074529055,-0.5366075156079982,1.318980253098287,3.2294900889941873
199805,-1.946930306618928,1.2171307857111642,-2.9164999999999996,2.139957003753477,-2.8107632860712766,0.14671380321626876,-2.6624035751172856,2.8489380589794036,-8.460276641933895
199806,0.6989694142436511,-0.4012308161142928,3.021,0.5428652167668748,4.6744333773651165,0.22065456173677847,3.8579836833699312,-3.327453037843177,9.255861278639266
199807,0.7214063733315945,-2.5314343228706453,-2.3369999999999997,1.0727464898763195,-0.33933420520077706,0.1526918202627408,-0.7127763163034689,0.7323295262490848,-7.078797204652165
199808,-6.2141760769199355,1.998995203216619,-15.275999999999998,1.4760963728525955,-13.096736555274394,-0.018593796929476186,-7.304660229928798,0.5148713271497172,-47.13378766127089
199809,3.4527220169040946,0.7732034071274356,5.8425,0.7893612989582353,5.493922036062819,0.343341118863536,1.0919515124819432,-2.197956865481524,19.228519139585003
199810,3.9593306839380773,2.5238781843494875,6.773499999999999,0.15069315329159005,4.386236276543212,0.3905679406486776,2.79818805792432,-1.623019992870359,20.086561189153606
199811,4.912635037561242,5.913941362473161,5.794999999999999,-3.8040476156745173,4.380198270827623,0.11458781766530757,3.6370599018362753,0.4016209402735535,19.837169430373937
199812,2.909938667101998,-1.3423781351377166,5.851999999999999,-1.206996661849759,4.003934636113195,-0.009844550727816315,2.1191056775892494,0.45735440168729624,18.050743463775333
199901,3.3198667368735517,-2.794049542490001,3.3249999999999997,-0.8357673469919373,2.328643878664666,0.32441124463557147,2.500319728708022,-1.2262292875482754,10.897097332444426
199902,0.08149066153019913,2.1200300733965394,-3.876,2.549463892226105,-3.8840070402663516,0.06441054075757491,-0.37839272863974527,2.1195263949565057,-11.922374840496248
199903,0.31112130370255775,3.9524548669619515,3.2775,-1.3276400936535413,3.2357729872687604,0.19936041389437614,3.210833927680053,-0.9063692965060125,10.194888450238484
199904,3.136948937393278,-3.8801914373158533,4.1135,3.2505092099977304,5.223464058606383,0.14230452209391928,0.2564255973352405,-2.1278567552244345,14.123130429886622
199905,-2.7927024054042304,4.225032954786393,-2.3369999999999997,-2.2303679324902053,-1.927779065439041,0.030254095122936545,-0.8926229497551469,0.21708862286833427,-7.7385870681517135
199906,3.3286796698542997,1.2126354329151225,4.531499999999999,-1.8338074099702733,2.6243452900690993,0.20269728679629445,0.9383240777943194,0.7009295423030377,15.634485005614575
199907,-1.863717601151329,0.5479946385390143,-3.3155,1.1597920533317714,-0.4312829184159894,0.15498937029255072,-3.5803126470073936,2.1519965602083606,-10.471949981502394
199908,0.9723844181597057,-3.498422067316398,-1.311,2.7095235672847666,-2.1528259694186356,0.03515122125589071,-1.6403986420455867,2.7013484695720535,-4.655825051485257
199909,-0.752949403385485,4.746446033861627,-2.6505,2.060404652868651,-1.0689484207796927,0.09343793995948292,-2.3151340519824797,-1.3416934976518027,-8.977885427372804
199910,1.584437671489515,0.7974712484155304,5.814,4.096819996061904,5.224369391688945,0.2390850578565439,1.248209891716405,-0.12396417861907438,18.268873925337992
199911,4.955328078596278,-0.6968060917364433,3.2015,-2.6331066691441727,2.2374968912154447,-0.0067597732673427,-1.3392614242397793,1.3033059961161828,9.869276983896336
199912,4.718965660428732,0.5070069521967234,7.334,3.32394390349868,6.011950795488843,-0.08808307275493821,5.383949398772052,1.4839082795667808,22.89233621737304
200001,-0.5748382773635774,-1.4783662204991885,-4.503,-1.1228475209902382,-2.6376399475697134,0.13323977775079715,-3.5730289713177275,-2.0623922800776975,-14.833581792825697
200002,2.2665443278700725,2.679205448967633,2.3275,2.0028746006588323,1.5191420684566705,0.1973430236672323,0.7643984232847794,-0.1738588567255318,7.09945181227024
200003,3.361711422214665,-2.114889571235471,4.9399999999999995,4.1110533803877924,5.404853351421017,0.3143395320705432,4.745151241551383,4.197242862243416,14.760652947978423
200004,-2.721625802840137,-1.1892096411883588,-6.08,0.5273721994964902,-5.528223471940433,-0.05071871806536696,-2.311366005861191,0.2153483775234436,-17.673879765581674
200005,-4.325011573761835,0.3040303716137742,-4.199,-0.003567954804028939,-2.9424141881384527,0.1730280251118888,-3.0822146896836635,-0.43095046460940845,-12.43718622670067
200006,3.7490892084256093,2.0454465648559164,4.4079999999999995,-2.286171437181924,2.7660244763535884,0.051496310806741476,0.03167463676411497,0.8006201028719213,13.881574969739033
200007,0.4573519785197484,1.8378085822843797,-2.3844999999999996,0.2793612262541123,-0.6791845832114074,0.07433533738282257,-1.0503855760020961,1.3508521111497989,-7.403127747842454
200008,1.1286260187904458,0.03330225850332935,6.6785,-1.823691652122976,7.414132224164229,0.13078620942110167,0.7782478332322289,-0.9562556501265319,21.508161055239487
200009,0.7450492440151244,2.118447346489766,-5.1775,2.176493549253273,-5.178434675549626,0.09315697542263282,-3.7114695441200496,3.3373027581016563,-16.651209712040014
200010,-1.2982962599933807,-1.3072436587392637,-2.622,-4.6648656889815445,-1.2589152643183317,0.18790259008636895,2.018504341325403,-2.688642105141792,-8.326212306701178
200011,-3.470125915458619,-1.1116571291071136,-10.184,1.3683272976949028,-8.38277245220575,0.040118697305188036,-6.0740495874112765,-2.6257964464340695,-32.79391529576785
200012,0.7940456585945359,0.16910826827831504,1.1304999999999998,-0.7090632402363333,2.82550112378954,0.01595254739918603,-0.14082181506803487,2.304219913708708,3.6389448301398404
200101,0.23412828841278044,-0.7468360750133097,2.9734999999999996,3.7300364799481818,0.24987751348356912,0.1099464093803776,-0.6360463563414704,0.027463215082368653,9.780571895615125
200102,-2.030274888106664,1.6367050056737762,-9.5475,-0.2805812011938449,-7.657684914447701,0.02980815311774411,-6.062829158054243,-0.18748163772834547,-29.104519044528153
200103,-5.343382281374847,1.2915702048506454,-6.896999999999999,-0.5322992754474165,-4.023585308306057,0.19689909706389855,-3.875539489482755,0.25539393466170224,-21.442666426399548
200104,8.57480645942464,3.056203205874498,7.543,1.3177039451210448,7.035529763335724,0.13719734847594972,2.6069594481741643,-0.007225538716068347,24.5801622785172
200105,-1.3254511556055322,-0.14158910037773664,0.6839999999999999,1.7951708252448564,0.16306369717557068,0.049998348689098665,2.1191546552615113,0.958291200695471,2.358340903146693
200106,-1.4930047046211972,2.924289748341481,-1.843,-4.2811424495212576,-2.68135555944194,0.05437485708896467,-1.9775581455700315,2.429559452222874,-5.635797719477997
200107,-1.5343108861595254,0.5342577458389055,-2.0235,0.6639563499025187,-3.148916388713845,-0.044242677296857214,-1.9469967476921266,-5.662357669751863,-6.7120803807686364
200108,-4.383867653759475,-3.7886228015606176,-6.137,2.9548381665492736,-4.953414325891107,0.21781630626389728,-2.5226376374059227,0.7954715499329738,-19.564744856520072
200109,-3.0538858377347373,-0.864776653317099,-8.7875,1.439866367955982,-9.029355443358838,0.16867839067115203,-7.15802906902887,-4.752482854986715,-26.477605288866343
200110,1.3016659348851443,-2.5834035961428374,2.3369999999999997,4.4072018303904725,2.6298135839596446,0.19961785967752343,-1.8818925186570397,-2.111289612246611,8.393395430927233
200111,2.7033284067811447,-0.28062941222111104,7.162999999999999,1.4584359757746344,5.94411955852974,0.097145299688851,3.4027019220136347,-0.37419352460126754,23.07743994317637
200112,0.8107119735484309,0.6882751519815686,1.52,1.2872313021468174,3.2337305763844646,0.08438607639694891,-0.42840437729329206,-0.3226808530284152,5.109617680637122
200201,0.8505752187305236,-0.7363421730479806,-1.3679999999999999,5.08804019373014,-0.1692951629795454,0.06639461414785428,-2.992211355461123,-4.202512248988557,-4.2056923305148555
200202,-1.4034574898430465,2.273201877421249,-2.1755,2.6234558082116433,-0.5450887400558164,-0.0012209183750157698,-1.8002916880661632,5.682596231575533,-7.2349279968378575
200203,1.798477481619675,-1.5422937167031265,4.028,0.8856574516648449,2.8136836660376106,0.23989058704729083,1.6586731056441788,3.2977834480762898,12.646491434466265
200204,-3.8801422926595603,-0.40218251400658445,-4.9399999999999995,2.1043324279783433,-5.364493782093681,0.042801357056030644,-3.480380477909134,3.4835446753807444,-15.094427348693943
200205,-0.9703595501154616,1.7397505381476033,-1.311,2.0347812028169905,0.33178623032523635,0.13082736542188833,-1.3973702404798687,0.2584150904107343,-4.368471139802771
200206,-4.222864788867369,2.033874142717793,-6.8495,2.6772562101451154,-6.2333428457532625,0.12869164852674136,-3.613689397841777,-0.7888314708347496,-20.439443673213976
200207,-3.8877960489038537,1.5332362671237765,-7.770999999999999,1.4246137864413422,-8.00066580183415,0.17625003241652953,-2.933732920432007,0.040690391101205925,-24.051677274281314
200208,1.1878825996723201,-2.2737583880195644,0.475,0.22997730624913815,1.0918785440136616,0.1091621746335964,-1.013144776126329,0.3494269171540426,1.1844666161320947
200209,-4.128617143127222,0.7908866580401688,-9.8325,1.4987148587275891,-8.139148749576263,0.00891808584504919,-5.272425938374417,1.405062495368822,-31.1874677216867
200210,4.546413969879316,-0.5205141749208899,7.4479999999999995,1.0060185483845419,5.824670695526965,0.032025463475291616,1.1688744845774748,0.8772233531841299,23.611135855970904
200211,2.6196900824889426,-1.5003425584455319,5.662,-0.6530668438146543,3.9419740017973424,0.11992977880411079,2.6284228095319633,-0.017042730160884978,18.214431794646934
200212,-3.988008299092124,0.8806489419028043,-5.4719999999999995,-1.181150584559121,-2.592197613076443,0.15990590081813422,-2.99452577066074,1.139809505802948,-16.483084849400562
200301,-1.8533315594292668,1.9984304135245825,-2.4414999999999996,2.446631240174643,-1.8247914647333956,0.08731559798351482,-3.9270743270734183,0.7552748329723178,-7.831419779216637
200302,0.565301314088547,2.801470907003629,-1.7859999999999998,-0.47201589117613185,-0.33682092612279035,0.15583342531365174,0.9360208394091214,-1.468909940187507,-5.90478907531767
200303,0.49600954135039,3.0813886417204372,1.0355,1.1471350579393151,0.3563393473350355,0.1435536486042669,1.23695052573578,2.5829737354076294,3.585519379296771
200304,4.97563099249872,0.9944862586075128,7.809,-2.8004156593849805,4.833396430813746,0.22691350301273625,3.9437027155402613,-2.5398759380730302,24.50838774298111
200305,1.8412233962758788,-2.125210056757041,5.7475,0.5723136655120792,4.55726185513691,0.2432416697556581,3.5184009144060417,1.078627789302811,19.708226051452126
200306,3.2298060131466175,0.4086923120236152,1.349,5.207032306936887,-0.6039767848602777,0.1466298185627176,0.8581372931410395,-2.1828929202377005,4.877948265490069
200307,0.06547337254801144,2.9599207855097975,2.2325,1.774561395453781,1.805396093523103,-0.02865022785419083,3.403586425552354,3.953343775775979,7.729063137448982
200308,1.1438113368069764,1.2953029957257023,2.223,-1.2196214876056202,1.1283043332019733,0.045969437365900014,-0.2003765136758231,1.9416637371016647,6.732302539692996
200309,0.9516311972943027,-0.25676315087954205,-1.178,1.7104412760831582,1.5765600098152446,-0.0590082761260971,-1.6097641129166567,-0.9084256186924179,-3.1574759291731915
200310,4.340297599584088,-0.04320664127887258,5.776,-1.5057423937430292,5.7580371041207545,-0.047679217312622896,2.9092307398499404,-0.48590820121446343,18.882028035059662
200311,-3.0460339777614527,2.6547557861619553,1.2825,0.1275384160115468,0.11237585417960005,-0.005650563272539516,3.237010237629671,-0.7943778145249137,5.504950276837121
200312,3.056611089785624,0.5545164407999826,4.0755,2.001446652569796,2.2280996013035197,0.1854332685464848,3.3904836249278496,1.3911481464084277,12.933150158758188
200401,4.225788361752005,1.4664826103547903,2.0425,0.5829330539488595,0.7916187513723623,0.16767247497228724,0.7163701156067255,2.48533754882871,7.7701725708356
200402,0.8674403840148316,0.3797253192415659,1.3299999999999998,-0.8702130675912114,2.9213049678219543,0.17906863866826214,-0.959150079977337,-0.2249835187281256,2.9816449807037424
200403,1.9421474506660448,-3.2153075883444453,-1.254,1.0181161738974494,-1.3618308005249604,0.14785914702468808,-1.0693772140114395,0.916844723651278,-2.7453135026355544
200404,0.6532845270349592,2.0520553272275452,-1.7385,-0.581634245894127,-1.6860926896447757,0.037500499817524485,-0.04507118191231885,1.235522767994225,-5.326597742973773
200405,4.062426671622148,0.8860944783084994,1.1115,4.173650082186325,0.8042880750217132,0.26960694042535105,1.4261991655974104,2.683222962511951,4.864834053584991
200406,0.8890327248247973,-0.42108441449271217,1.767,-0.16109778901692295,2.1739426223806855,0.052421315223044836,-0.7051060386945884,1.167818460318742,6.880795233073927
200407,-1.5875798547630635,1.0539277465181605,-3.8569999999999993,-3.5829014971404973,-3.143694726843425,0.009903373498120066,-4.316195730656149,1.5917083169615212,-12.221357699425957
200408,0.20775876704194934,2.3742519423565693,0.076,-1.2120497922404077,2.779279698320992,0.04894869173008576,0.44237470071419965,0.7484752004742348,0.01701777696857898
200409,4.02356722468607,2.424698142515322,1.52,0.861132495161456,-0.1198012870136329,-0.006189790246116905,0.5070244694339111,1.0032976026813127,5.109041887320534
200410,3.272415225367064,0.2840983439313343,1.3584999999999998,0.1212846719331575,2.3691208967514514,0.24919435689916988,-0.19914108597172608,1.098062995728979,4.279411570868692
200411,2.2682922284957314,1.08335042825796,4.313,1.451867743637203,5.664669138658758,0.03433139008452399,0.277383824612901,0.9165535320652621,14.222991885961557
200412,0.7425341642993057,1.2838423744987213,3.2585,1.632736607756058,3.0523867905755053,-0.05512438244539039,1.4580849567441994,-1.9973090910545293,10.853779407575352
200501,-1.5024569835345711,-1.8649448559307422,-2.622,-0.017277826789733775,-1.5930881840425877,0.3809203380559355,-1.04749766964007,1.0940332944435909,-6.3291081522323465
200502,-0.545088876219322,3.1830686861271738,1.7954999999999999,-3.664679566525173,1.9243029080525664,0.044353404672557384,1.316926952025093,1.9141612724116275,5.57865126213568
200503,-1.7347687342805727,1.0757398451506825,-1.8715,2.14651924803185,-1.4948641655027723,0.2032751852801432,-0.8869204018732814,-0.17713887177186793,-5.142764106006488
200504,-1.5855760004579573,-3.047890372179958,-2.4795,-1.4978246157179849,-3.47340668441641,0.0263488298872121,-3.587597773271237,0.5283895351127664,-6.44960857052765
200505,1.7094643510058645,0.24626310165313756,3.4675,-1.1035442453368964,2.55029673407627,-0.05813222646282015,2.3534311450009002,-2.252940314411177,11.913030859796821
200506,2.566781599906286,-2.59175837707081,0.5415,0.6357633642774572,0.7108302008538002,0.13919510576270044,0.9555191294092049,1.1907212323460108,2.806751925454867
200507,3.199831160446803,1.3149766900080386,3.7239999999999998,2.6265972266333106,3.136484890824178,0.09914154073233286,3.369236352128903,1.4881383645644974,12.30704532709094
200508,1.041482292898631,0.020208390847526014,-1.159,1.8700887083653066,1.925712418647328,0.1688996625596076,-2.0314307136647374,2.519946000953523,-4.031131283087401
200509,-0.2539873187491707,2.5301541338650697,0.46549999999999997,-2.6528036618204736,1.1573358047952467,-0.024139678390384403,-1.2428635877812788,1.3275066119262167,2.431315746802088
200510,-1.1811974211291096,-4.103506637661904,-1.9189999999999998,-0.08976181921953985,-1.229201284334469,0.08277811650606147,-0.6992817112007899,-1.6400030746110041,-5.532034516918127
200511,-0.25536124048304654,2.5209901473356346,3.4294999999999995,2.8727487991711254,1.2895878009720867,0.007483700723922723,-0.18044238182221584,-1.0909317628118518,11.417365459947721
200512,0.17967359117094775,1.1334570952763938,-0.2375,1.3849240659335929,1.5911804664172917,0.17067743875245078,1.2503856797901216,-1.3711870960931747,-1.2559883908156015
200601,1.232069487498594,2.891986223404885,2.888,-2.462376283047317,4.141943822182837,0.1236254979321512,0.8570086806404934,0.6543437487939017,10.043144419959022
200602,2.811705869418703,1.1381040005620569,-0.285,0.45698550813422023,-0.7336360595275158,0.013237282556945201,-0.13638825872093296,1.2854525630204559,-0.9408388652315762
200603,0.31093784653322887,0.23600814788203972,1.387,0.026862418191052617,1.3001123371940067,0.07408631439460353,0.71491199797112,0.9663976393315569,4.754441949828233
200604,1.343993319525135,-0.9056894485345893,0.6935,2.8219295693178346,-0.31011967286094233,0.012757930432086534,2.4754254339452513,2.4311301661866853,3.2991735076401705
200605,-4.2674278340908085,1.8762377977860738,-3.3914999999999997,1.1946846896497465,-3.035115940789337,0.08476256983358596,-1.136896112411693,0.11794566007181029,-10.274740003829109
200606,-2.6959089727547294,0.44546873879679966,-0.33249999999999996,1.4837302918687394,-1.6423551497295215,0.10307389813181954,-2.1880950481282238,-1.2928716155765643,0.07799921659291875
200607,0.8494280005898991,-1.1380621647415663,-0.741,2.709529484667395,0.7944712345881586,0.050537602287891475,-0.2370767073547937,0.6260469633536951,-2.1302150710306416
200608,1.7604551647576372,1.7321790993975954,1.9284999999999997,-0.29511267311880507,0.9021934059797165,-0.06633114651258612,-0.6434046796825649,0.6758695755321772,5.420519698085692
200609,-0.019195601426178488,1.3990005068672475,0.3896051559734579,1.748,3.046481669256395,0.1620339258859524,0.7840747124503451,-1.151502090296547,6.599183332599368
200610,2.047093307122984,2.2759622488466,-1.916298069157076,3.0685,3.160687691012384,0.22849497317883624,-3.0279972053848923,-1.3549818457226182,9.865790706223825
200611,-0.810802592630619,0.8069054776934675,-1.2315969797856012,1.6244999999999998,0.9562232175597366,0.007786621817380324,2.04494858946208,-0.20657275486115545,6.203578428741103
200612,2.1928849866508466,-2.0666631438645333,-0.6699363902520751,0.8265,0.27130891138430113,-0.0759867260611887,-0.2082387164935116,-0.4904195201522987,3.37759420925146
200701,2.519799814789817,0.5684043167715396,1.498792563040121,1.3299999999999998,1.1854810240349312,0.07729026716353442,0.22634277991545793,2.781260536442089,3.905583197217297
200702,-1.9337017226400404,5.15017790238745,1.8626097216849729,-1.8619999999999999,-4.559227241920734,0.05126744050694917,-2.30924172685587,1.6848850905922035,-4.608080144613792
200703,-1.4865958746764785,1.4239521902763408,2.3679524872030697,0.646,-1.0719870901970234,-0.0606511374322492,-0.2625445962752606,-0.2585645603839124,2.074699625670129
200704,1.3416069166146742,0.13899540219957657,0.5095628077277999,3.3155,3.9883797419399523,-0.06742464501709672,1.6322824684388493,1.1359715562923274,11.561472808358191
200705,1.2505636490249041,-1.1408326599596017,1.1495272760631752,3.078,2.9084792348148305,0.046362040166072496,0.7857657264975642,3.889688179110313,10.422993195884427
200706,0.11547726545444614,1.2792940244225823,-0.0219143069954294,-1.8619999999999999,-2.362739594850005,-0.060766613227173,-0.7196049101635066,0.5593965172793687,-4.868311253787382
200707,-1.5557445101278249,1.5215172532774748,-0.9774635065665912,-3.5435,-1.0324353361291683,-0.03350011002774925,-3.1904382177937975,2.1865032143635177,-11.489596697010535
200708,2.500708889875612,1.5467012154718502,-2.239139475128566,0.874,1.6696448205049659,-0.05670948579381305,1.7404414149543719,2.890907776979066,3.7468956586523836
200709,2.861600350618699,-1.855507095455828,0.6333299367582477,3.059,2.214611845989995,0.12745279194843995,2.6855260442746465,-1.240746017935824,10.114764187608047
200710,0.7960280393850856,-0.9149750052242677,0.3473261541636842,1.71,1.2969535654225435,0.0455605897384892,1.1690663106145764,1.1696367711142681,6.045292596957093
200711,-3.6314650536878785,-1.1122770531317347,3.231390229386811,-4.5885,-2.849362418550773,0.02585364947238146,-1.8118469571873503,-0.5882118519068642,-13.715726583928317
200712,1.7171573287907331,0.21022484705711547,-2.471325399279296,-0.8265,-1.090170266001327,0.019286830691715773,-1.5113390215812132,0.7173485230382087,-1.527591303713582
200801,-4.884987252092046,-0.5787079239984888,-0.08871295643415555,-6.042,-4.637633368244474,0.10222488350600599,-3.352237921728577,-2.067572740430785,-19.468489580624713
200802,0.41910877538223423,-1.221341137549584,-1.2193588553867825,-2.9354999999999998,-2.797166512859432,0.09337259983211761,-5.227357706301909,-0.8159517974645919,-8.925176158394326
200803,-1.9068314960401027,0.8686651940513099,4.077767806462623,-0.8835,-1.2345477988154567,0.1689883862204427,1.4302004644539792,3.071429072151776,-3.326433994727735
200804,2.6778209876050165,2.6338980434868997,1.5526273660052823,4.369999999999999,2.35517434863366,0.052170134883604974,1.083465319019715,1.8795083646282418,14.384248521735486
200805,0.5207427730609224,-5.368276749438349,-1.0541418256986304,1.767,2.0760255857494103,0.14552968781387488,-0.015116230938244435,-0.7559202241387776,5.920016898028134
200806,-4.27704701962606,2.5709470370842156,0.0333329950847846,-8.017999999999999,-7.226103821734698,0.25315601226491735,-5.687223658526785,2.074637314600023,-25.524403667405473
200807,0.4420421435508388,1.1942332036303434,0.35628727459721,-0.7314999999999999,-0.17211281393991262,0.052069241311496706,-1.8115406028856031,-1.93785767159561,-1.2215917139076864
200808,1.9508119946220819,1.692565990845559,0.33184952067291595,1.4535,2.052757232512916,0.21651436452225142,-0.8331292854517618,-3.271746395704067,5.360339716598183
200809,-4.250684106158589,0.0009628716932926773,4.370016959927616,-8.778,-6.950804717261494,0.0934820049982107,-5.88205268109632,2.6277783987809995,-26.89001344792565
200810,-8.204836790596344,1.9740911900822335,3.726522203756853,-16.3685,-14.220332647253136,0.08999250987806638,-9.371351833348157,-2.0766699258276446,-50.849267484793
200811,-3.3168532745167747,-0.007436678197582869,-1.5025141670836897,-7.467,-5.010143966208761,0.28773388170682923,-5.306031468985139,-0.7241302699870925,-23.258812650850295
200812,0.26747544493894915,4.536257359806742,1.5527914865611927,1.653,0.7146720241244638,-0.04701508071824137,0.3136403326647981,0.24451873210004274,5.406949486898135
200901,-2.335562576114233,1.0254116118294474,-1.689752355450271,-7.713999999999999,-9.6592315760609,0.2389315805597617,-5.710059865425734,-0.0021179246645486316,-22.702950717041617
200902,-5.449142854357544,-2.6608971967366157,1.0427597600566596,-9.594999999999999,-9.33687577933648,0.11838412121149003,-4.469089485146246,-0.3069561713991241,-28.877965737450996
200903,4.463187502204533,0.19701393296776237,-0.04006712060226991,8.5025,9.320773998881966,0.19232699513161136,5.028281082187817,1.574335472723729,27.123825092903022
200904,6.390622345395916,0.06296811994555634,0.4924443272874512,9.671,8.208139127966499,0.12877824836429005,6.071165035813339,2.8064421595491034,30.386492043230923
200905,2.0528004678775815,-1.4007345904496868,2.4659703916109543,4.9495,3.982315086551539,0.02258131543074776,3.2087789175652635,-0.5823477488054922,15.227383113648212
200906,1.7210070968365492,0.0815598781088398,1.5613679344693008,0.4085,0.9140115397419873,0.1133027681159827,0.671545918552524,0.46439049744192085,1.075757005704412
200907,3.911372219558619,-2.582135811772038,-1.108926699708607,7.334,5.511243681509649,-0.010730271661052046,3.18655722740044,0.728980471538697,23.877079149509438
200908,2.522983650085709,0.979729323222725,-0.15440618021069896,3.1635,3.65943297344858,0.028906502406218573,-0.6406343574850604,-0.9904138355001456,11.880588516320636
200909,2.208152534990316,0.07791658817551539,-1.0579049125780835,3.876,5.137599889846393,0.18909977521467242,3.165146397040051,3.9728044826876383,13.804846651877904
200910,-1.846711486032964,1.464606443126704,-0.5175197908328889,-2.4604999999999997,-0.3995604100638255,-0.025827447659553304,-5.901158044522399,0.6697724384560255,-8.163174277055163
200911,2.3408176351735124,-4.455747379695555,0.7057916070922325,5.281999999999999,4.83711895211978,0.1715068394951343,0.6404231472644328,1.2234048598425291,17.504012819597484
200912,2.223799759413822,0.13452349259365615,-3.1923636603919516,2.6125,1.6486788959312126,0.22016336178128962,2.763251624569296,-0.4485186621548759,9.358106341747355
201001,-3.030179361683291,2.31600781150117,3.336976936236931,-3.1919999999999997,-3.408024491384211,0.15020814649351488,-3.867972832100331,-0.9624348582580536,-10.791530341311617
201002,3.3189370720655327,0.6950909579967671,-0.37249485629685297,3.23,3.559086630983055,0.10440250814651612,1.9786737568522084,-0.8369700899646745,8.922558445018527
201003,2.0166782341263754,1.0357081589452246,1.1844884992108426,5.9944999999999995,3.144303394724914,0.2781555962385923,3.7766211390363997,-0.9895510164505738,20.37032187695811
201004,0.750781636984366,0.5824570569349713,3.75317766867401,1.9,0.830580328934473,0.16121454555686057,1.3159742469225342,-2.1275013021073215,5.77774943795352
201005,-3.481351953775414,2.7651936507997266,5.460959872657294,-7.495499999999999,-6.279758310956853,0.23339569461802245,-5.552136953466198,2.0916995863273513,-24.155391003683608
201006,-1.6230679046676326,0.509761825083973,1.7336690525445486,-5.2915,-4.257884588363207,0.05784888669000434,-1.6507520204279897,1.3861850488612448,-15.843346755228055
201007,2.0367757057226474,0.7033127203349905,3.3305626663374275,6.583499999999999,4.913552421389279,-0.049674503217411015,3.4050849463872304,3.1474098913332833,20.825802576436683
201008,-2.7473897735141852,-1.0085241730265588,-0.6944970728695635,-4.531499999999999,-5.776788475231307,0.038954357319857635,-4.66650475467917,-0.10560092744369842,-14.376164168539685
201009,4.0440617841984805,3.113358387577725,1.7029771374321805,9.062999999999999,5.930024979042172,0.059183816148560386,3.516194747319569,-2.498797366207764,30.193058291565517
201010,-0.8530337350197827,-1.7285501748634968,2.4737782813278355,3.686,3.4690174589859235,0.07944157484688824,0.2860349416922625,2.702436321945383,11.609997771639598
201011,2.736019829441804,-2.3478298911109325,0.8288497783635552,0.57,0.05849081070685913,0.0751707541851526,-1.1909975829766515,0.9680834597700991,1.0742393275921462
201012,3.817340394639702,1.7962483665992472,-0.22967456780979345,6.479,4.487371359533004,0.059613692867218016,3.7625692500052197,2.8892623986445907,20.37668509168347
201101,1.412622075018686,1.5429384467481406,3.8388628200857022,1.8904999999999998,0.9110458245594596,0.20964184707088215,0.4670725160401849,-1.5324228460461038,5.530470680151846
201102,2.5060904024367767,0.9471557764850418,4.438736307371177,3.3155,1.923762483254209,0.0718223546637313,-0.7080248759784062,-1.2618265086440834,10.662757562543536
201103,2.5041742318085167,0.8721082617312712,0.4456966494133286,0.437,2.6310173754575485,0.2528325358675494,0.03378958168315524,0.9707191754202602,1.5878043055143856
201104,1.203545997333134,1.0584367206813636,2.6091563417997046,2.755,4.762479173056642,-0.12478456739920923,2.3529701521081003,-0.15849323589448494,8.55979933631143
201105,1.0422596302739424,-2.4925844903837313,-1.6980403105461512,-1.2065,0.13857375361761337,0.15288923880053745,0.28544358849633467,1.4307539680080743,-3.7803616075395743
201106,1.6909446862151314,-0.6943417657344292,2.9029890630702706,-1.6624999999999999,0.059558503591210066,0.13327117798411625,-2.0404858748492387,2.0402271962437997,-4.967302304560283
201107,-2.3303162858135975,-0.29742632895098564,-0.5177838016351476,-2.2325,-0.5428256951266555,0.05397145701797849,-0.3494326834274457,1.9932579478233903,-6.75551177054731
201108,0.32743678508591234,-1.3010882930915537,2.2358209077475686,-5.6905,-3.4046468315173963,0.027968088489960602,-4.501036214598214,-0.0369513294451605,-17.570041150067507
201109,-4.050901292055605,0.03290776529878936,-0.09559426823197259,-7.2105,-4.245366803741952,0.248531673519,-5.5699154949985274,0.5552765023646453,-21.52467157285171
201110,8.359711911647238,0.6368290620207276,-1.7301676210334596,10.782499999999999,9.046713828626778,0.18696339868526043,4.275320308703241,-1.7348747650307215,34.75960146183449
201111,1.4574084970737102,1.4976108293495596,0.2486835292048154,-0.266,0.44259287649311047,-0.05013525608662564,0.07982839724526103,0.6279493810041936,-0.38944475406558005
201112,-0.16257063330895438,2.780678902737947,3.3928415361200526,0.703,0.6901094446543662,0.12888847108130436,-0.74543544843056,-1.1756984292096488,2.3620574312495104
201201,3.055152847685681,0.08466883737493452,-2.1280282292574237,4.797499999999999,0.3632454540380645,-0.05615031578185442,4.58938404823593,0.045444496901737186,15.331607510826528
201202,3.5558373300546435,-0.1960652796755803,-1.0560987479668569,4.199,1.0788232681529966,0.2615277212496186,2.1010934334444236,2.569009220281642,14.354910110101786
201203,3.519241414909379,-0.19500914978679063,-0.8960101807741087,2.9545,1.4158975825955435,0.1563536901925505,0.20086575506743076,2.7865264976916535,10.025944584532066
201204,-2.0095361266828835,0.6341240967729891,-1.4029262308835113,-0.8075,1.9802053997698903,-0.019339013843008665,-0.8294726771377364,-1.4197897986227184,-2.177488733223868
201205,-6.113868629628918,0.4197112126083709,5.1742327478256485,-5.8805000000000005,-5.022652803402048,0.08776075420631395,-1.4613210357947048,-1.6819823509282799,-17.149081579990565
201206,2.183502908029451,0.007559093457816579,-2.222990123597899,3.6955,3.298440045912393,0.16071671624918465,0.6298779623942407,-0.7753620933809521,11.396932078788247
201207,1.535671870055153,-0.9119173407984463,-0.20400880766290153,0.7505,-1.176207239854041,0.04846848285779806,-1.1890689444999638,0.25844361592306686,2.6837495037636643
201208,0.7048177936949869,1.7081747171173451,0.5122841267509861,2.4225,1.46833991703489,-0.04539927879963293,-0.5842354193728295,-1.3819558454844842,8.6461411165173
201209,0.2324271374917657,1.6751667642230754,-0.7783040369725142,2.5934999999999997,3.183967847524501,0.26461534315445423,-1.2503774110853132,-0.6434106460289116,9.565243095276175
201210,-1.8149077701239062,1.8175244462496556,-0.9318405052116517,-1.672,-1.1376669201808813,0.08846421381898226,-1.2704041526717185,3.5710295501232747,-5.940062235948538
201211,0.15507011148066785,3.6416253483518166,-0.5140402304590629,0.741,2.3851183169798826,-0.005522880354493734,0.2598417484116152,-3.7705733256953917,3.144673807384902
201212,-1.767844607361667,2.0988955442922577,1.493156075852066,1.121,0.36493264882420784,0.10145506617170369,4.721469426771867,-0.2312356804354172,3.7959323666360056
201301,3.715325444727337,-1.2631304518688942,-0.7181887171791986,5.2915,4.113996736936795,0.007015286988366093,2.64202786560213,-2.0544084669722924,16.56459153525657
201302,3.688706444461583,-0.31801848010670786,-0.5109192734756968,1.2255,-0.31428245487775497,0.19218902755034362,-0.13526087826885674,-1.3837200136432162,4.233641553819999
201303,2.355246672242063,-0.041628285749318816,-2.0267772817686884,3.8285,3.4710952347543804,0.01754487850188194,2.4479639955645043,-0.04871366383552672,12.65293058505848
201304,-0.6278431002005689,1.9808199329430458,5.5923927912825215,1.4725,0.3239697357351323,0.10922374412618624,2.128606144476201,2.3105317113611443,4.713421662092618
201305,2.9834661433529837,-2.644675429253409,-2.876419591430662,2.6599999999999997,1.7910645894915835,0.06673364220111805,1.052289017563285,-1.7134437249346686,7.619780558554371
201306,0.03894772585261383,-1.4766375957764701,2.72289356796692,-1.14,-0.5844562181305959,-0.007083790125906694,0.15615030170970323,-0.8340862553104113,-4.2310073824413506
201307,3.811146738541011,-0.07109298663693264,0.3705499921757993,5.3675,5.112001634720736,0.0866016698849097,2.5527103210004305,4.3341970001949255,17.9636670336904
201308,-2.266776526211948,1.2936565820247568,4.880894684422675,-2.5745,-2.0241187875155013,0.2002943971662734,-3.6520121219609663,-0.5771917551198092,-8.565840535586263
201309,4.088408577002866,0.841163813042878,-2.142539907979419,3.5814999999999997,3.8330539431018664,0.15513666490497555,1.325202473908588,0.27536936494681574,11.363075226840369
201310,2.147493082470423,-1.9132154548863305,1.2479781833316916,3.9709999999999996,2.9267559063241775,0.06284591873733643,3.7367904626621464,-0.26649110571318424,13.077391613206231
201311,2.8535061075336996,-1.080186130644365,1.9530782946807053,2.9734999999999996,4.832153920441177,0.228235797867074,0.8098385708557339,0.5105786510891048,9.70974125400372
201312,3.9428378207581742,1.4203061357064595,1.7724843795167988,2.6694999999999998,3.09268926650503,0.13451281672400164,2.5084334917829407,1.0752223386143565,9.221761055697575
201401,0.7472591413828111,1.298331819985028,-1.0240075260090098,-3.154,-2.038975230794643,0.0903051512208633,-0.1844947857488528,-0.15549042242167477,-9.218561343969583
201402,2.3992615104800166,-1.350172194117266,2.0987940695356673,4.4175,3.7049036424912547,0.1750289123470926,3.422482503280884,-3.8408049443079872,15.00544980883534
201403,-0.2504185172967226,-1.196006299741465,4.603378576764402,0.4085,0.8807452695587651,-0.04487814692365685,1.950576024716875,0.6144622492745857,0.5439431209036467
201404,0.6280093168437912,-1.347117217589417,1.585078642717562,-0.1805,-0.7904275243711938,0.022909334429401906,1.0161688551783437,1.5230592686653406,-0.5650832001978087
201405,1.71132235833704,-0.10208311991831531,0.7683996710493421,1.9569999999999999,1.8219887036776876,0.17529508871183316,0.3927016661718449,2.8675555106125126,6.60109282881004
201406,-0.7313480044715448,-2.30864986476273,-3.1108100783484205,2.4795,3.0712469885836313,0.11359394972907055,0.6346636497097417,-0.03177439947874611,8.63246663518727
201407,0.6135028064841133,-0.4104028288835533,3.9223692138331443,-1.938,-1.7806115330162293,0.10081020951145524,-1.4146720353844195,3.0801286889590234,-5.4429206297747825
201408,2.66486299542935,-0.07300833050314715,0.4150026746130623,4.028,2.93852484641565,0.15570247466584983,2.626209203390248,1.2888026786614712,13.751100943342626
201409,-0.005779398525115609,2.5319176037506206,4.193876286862189,-1.8715,-0.7693528383026085,0.1734889401846289,-1.6834428244252515,-0.29201774034408745,-6.474787554055427
201410,1.196025088414187,-5.604199613679776,1.781795314579078,2.3939999999999997,5.036645723348847,0.13076913684437116,0.8081349910623836,-1.9488024115529528,7.76477252843281
201411,0.4680638608976855,0.9080393592423709,-0.19139270720414803,2.4225,0.8350062476216593,0.12749890102912798,0.7585616858136639,1.3888285147502006,9.437100970547974
201412,0.3243411556242988,0.4108550574915771,-3.0636134689263956,-0.056999999999999995,-2.368239764754233,0.04142306662492166,-1.8363946328157694,-0.8218225217776219,0.7800327346479523
201501,-0.465167337165038,1.571492527373652,0.9777176886441012,-2.9545,-2.422745805451553,0.08739360999374708,-4.060535308767115,2.0745603772688375,-9.217923005129933
201502,2.605185989822342,1.8179056964887343,1.5417068920200885,5.823499999999999,2.9209881941843547,-0.00029526328750058284,2.202363547615458,-2.9015203529179323,18.471995829151695
201503,2.2937180607518304,-0.6715563709837508,3.411479992834328,-1.064,-1.9502822184756872,0.08770255288774677,-0.8991353484402831,-0.0836643452147498,-1.7188811007473113
201504,2.036565868210555,-0.6669580426183016,2.252433246106164,0.5605,-1.4377477588487937,0.19619738135569267,-2.886262386150578,3.3563638990217015,2.492300482275195
201505,-0.4883236577550103,3.2900047384726303,-1.4307080016975782,1.292,1.986647160820033,0.014091255949398099,1.703960815971615,-1.1439698119676214,5.275442829231516
201506,1.649098344463924,0.012879138702464377,0.08626342582481172,-1.4535,-3.5621457256408506,-0.06503181809270692,-2.3421947868375073,3.6553581938619955,-4.868324048892237
201507,2.7387473310690007,0.6866804593472347,0.6854849702936496,1.4629999999999999,1.195851425059465,0.05296183523640143,0.8012382825080971,1.9350274291914276,5.570179479696653
201508,-2.379198565917286,1.1970876738297922,0.6089232239268383,-5.7379999999999995,-3.593108521832984,0.05995380687020521,-2.3631735204852373,-0.17612890302722484,-17.891815277702815
201509,2.9280171997363835,-0.8075426606911432,1.8184128362811918,-2.9164999999999996,-0.8291099510949551,0.185518976056311,-2.9648963104751695,1.2982634529938943,-8.565540091365673
201510,6.450442665506841,-0.48955087254312624,-0.6671953718264464,7.3625,7.2285515206642454,0.16880592971249142,4.196341483440782,-0.8337353229509933,24.709041612177522
201511,-0.2637430094747011,-0.5539789958626731,-2.2848383879544536,0.532,1.3935722684690073,0.17242739836091747,-2.250244737783548,1.5318873742727588,2.867563388837216
201512,-1.8106574011476775,-3.673487737850698,2.8967632887440975,-2.0614999999999997,-1.922124137165731,-0.029423878985765123,1.4974497521963706,4.184255225466666,-6.931103546664711
201601,-4.739715282445553,-0.15078429916820357,0.42991078236649327,-5.4815,-6.70892603015772,0.1001788338557661,-1.5011907264680464,-1.1515666683024426,-16.865180130804035
201602,2.0196803129730068,1.948320925455083,0.3148363116037206,-0.0665,-0.10689133156429559,0.06287642898216025,2.1393632758111933,-0.2566716306928938,-0.11752792384247046
201603,5.888756179431202,-0.7808213190182357,2.8212064563572388,6.612,9.316608267966187,0.07241176400588939,1.452914590955089,2.72864557014403,20.653507273345443
201604,-0.19244665193712884,-0.8359752726111714,-4.025245424206968,0.8644999999999999,1.4453121308858279,0.08889801125545067,1.0439282108929273,4.643386877916049,3.603710025968805
201605,2.34646053157393,1.2144130910633837,4.951051043733277,1.6909999999999998,3.346256365186729,-0.023993313584578277,0.4467753538977901,2.694166828828366,4.8258859669917715
201606,-1.8507199481161,1.7273263387929463,-0.7357905912292336,-0.0475,-1.478899706515926,0.2727231022981501,1.6209461213146776,-0.8313023069147555,0.05527767761367261
201607,2.1083480694380543,2.4805067123094955,1.3069910237868687,3.7525,3.8044178839494784,0.08255068153945075,1.6170816643800552,-1.4000241758344973,11.839404437516507
201608,3.6932908040237282,1.5442250416143692,1.876896025824569,0.46549999999999997,-0.18568071589762747,0.005343962707500566,1.9657233919766404,-1.647231412794389,1.4427257948591632
201609,-0.44392396291954195,3.4234601498218673,-3.752949186424424,0.2375,0.3935185259555958,0.0993880947267887,-0.48567775671053215,-2.0249566945626807,1.6448713912069133
201610,-1.9910749473573435,3.7059409294065118,1.807647114754002,-1.9189999999999998,0.447682369480779,0.08278350485939201,-4.156467263508095,-0.3712704875358682,-5.282988143655662
201611,1.8049835634214553,0.4253651005647327,-1.9336048462695117,4.617,4.830590900927309,0.08269757868180655,1.597107412541807,1.7679455073328407,14.3866455633369
201612,2.33321033694473,-0.9249499238515445,0.13873605845925918,1.7195,0.6318039155353252,0.019913650184160275,-0.6203061378635105,1.419805084662359,6.031800040406942
201701,1.83017679519819,4.751218581037994,0.765499159646367,1.843,1.1596542945217752,0.06883660769633566,0.06959605679167213,1.020668002934502,5.733003239855902
201702,2.3096117788719956,2.4744333631867748,1.3298771105235114,3.3914999999999997,4.516131036294601,0.13857357652833302,-0.2518377886660079,0.10594414443094069,10.443506820391445
201703,0.7048762137381364,0.015070008450980221,0.19074732894521018,0.1615,-0.9785487101719121,0.14279478495181364,-0.3929639787626165,-0.9839651861963773,1.9480300663053898
201704,1.61018044109959,-2.8325542041703593,0.1370363051562219,1.0355,0.35258821724031497,0.007923680295327931,1.2690045930444658,0.169432878056715,3.9933996350490477
201705,2.046529721845439,-2.088371267475516,-0.9514500625216947,1.007,1.8559085913031208,0.22886856486665147,-1.0514087046187068,-1.0205549442945903,3.2550999714988187
201706,-0.3508905943751667,0.7772198799928003,3.2164346677812103,0.741,-0.28912955642722227,0.18432209509775643,1.754523538243018,0.9385783611814357,3.6065499047266267
201707,2.027601043754953,1.2562064994115287,2.019679166002325,1.7765,0.14418218800307314,0.041035092413526535,-1.6128968249631424,0.18592566476909175,5.949515049447476
201708,-0.7890963021027332,-2.5063898237972917,-0.1885007870434009,0.152,-1.5690557489632582,0.12745715539454613,-0.7041771318304872,0.8257200374906253,0.4491722208407026
201709,4.015171816848065,3.9948065994613198,4.659337115835998,2.3844999999999996,2.1875042498812545,0.10279185025164937,0.2940600459309052,-2.461340052302935,6.054844557880868
201710,3.114818692315876,-1.6508703096040382,1.007088333403089,2.1374999999999997,1.1340333839187902,-0.034508953071526405,1.2625267356784309,2.553432353081211,7.6633184220834485
201711,3.8685351071779763,-3.573929379943842,-1.1282894644032675,2.964,4.7426023703966305,0.14002635549861556,1.0033785025465847,1.6282029344094973,9.439797827367903
201712,-0.7892954041398672,3.1763339917233213,1.287739887543383,1.007,-0.5613688949025382,0.15181694789633066,1.4386916841016588,-0.18358181737157797,3.852406361321942
201801,5.122200094621073,2.108099550855204,0.47857240814852725,5.2915,6.716523910355942,0.03187394334054233,1.9928444428302177,0.9605928521747423,16.258929102125787
201802,-2.8101842778746047,0.7000851258716183,3.950465466770138,-3.4675,-3.4642991988016445,0.20296421646913385,-1.6302222189454705,-2.31968705072797,-10.637412583326403
201803,-0.4517276144200729,2.704113434594316,-1.4371223613068156,-2.2325,-0.38722251670821284,0.01421901891849206,0.18823341513316816,0.6838978040246597,-6.466045285481688
201804,2.26454313019438,1.252258768898999,4.199268789036591,0.266,-0.4103394299176053,0.08540389888004732,0.5189524571127607,-1.82850880642023,1.5489859431155009
201805,1.9570784923644204,-1.8711967436173658,3.8443178227019232,2.5174999999999996,2.50967482366582,0.06507728997641524,0.3777388645409787,-0.6948226069922375,8.278486627956859
201806,-2.649201344353143,-0.03369973531485204,1.8310369773378148,0.45599999999999996,-0.10448946497476841,0.005038663537042423,0.6470186751088285,2.462199871463967,1.6932083630192598
201807,2.825645352926595,1.4448410270092489,1.1335200252084936,3.0305,3.2177994231440232,0.028321343396670973,2.0950651060380303,-1.868572386260313,9.407589076147625
201808,2.489195575737591,0.7628076009392479,2.373742066687953,3.268,2.987793797577525,0.055215137667453104,1.1774081623028378,2.853811617713557,9.55611353714529
201809,0.013906201285648456,-2.634519704194501,-0.6919570697200136,0.056999999999999995,1.521194092946189,0.1986635893755769,0.001316202228205443,-0.5912834480271538,0.9375928091577719
201810,-5.858017078619435,-4.818242896566831,0.9534957820495309,-7.295999999999999,-8.201510138364927,0.01646593947945496,-6.855363114318751,-0.7599563743917587,-23.14720494917897
201811,3.5260802165964673,0.045430494460908744,-0.9381848200366435,1.6055,0.24240658760564204,0.1567672025826359,0.0858478762881405,-0.90234297660541,5.9402907110680685
201812,-4.081486459376474,-0.010956307184641911,0.8464247755584603,-9.0915,-8.423029722071178,0.10969309882958166,-5.606576985622281,-0.37346225117641374,-28.00987081355643
201901,6.256518008678398,4.603292478235993,0.5171075072501474,7.9799999999999995,5.765474694793544,0.16668414694028144,3.916525645772057,1.3919712921145255,25.900589688820094
201902,1.87069971923658,-4.82659794838116,1.379939175974957,3.23,3.4094989559733304,0.02048824813930543,-1.246986338020048,-0.13790263344628628,10.753495233384038
201903,1.0375684712240583,-1.0510975893961465,-0.39099733394174374,1.045,1.8577755741527011,0.09801253820709976,1.4985007069241605,1.4042618357434677,4.711975741977351
201904,2.180317134039281,2.81220551831134,3.052964196242722,3.7715,2.279435527099042,0.025374161652723118,1.341627632929029,0.15220331833733042,13.01437613947792
201905,-2.8548605272983245,2.0330154031813135,2.802333381027388,-6.593,-5.184799135330825,0.0583084131581323,-5.961982169832863,-0.4026251103643186,-20.675593277370332
201906,4.516734547712031,0.8434481248020336,3.332628551566693,6.583499999999999,7.755114745145477,0.11741510844261027,4.3294514069537575,3.9933201149316924,20.704555560654526
201907,-0.46965804971032643,-1.07851699437817,0.6044074767196226,1.1304999999999998,3.4058577800124397,0.14333662089452187,0.13022273983879618,2.3756344418597695,3.9200097361910125
201908,-1.1190298877561042,-4.102593680000734,3.090202958081072,-2.451,-0.4477293370166977,0.09218839057841724,-0.9774516352796334,1.5027268034170538,-7.935438792387451
201909,0.026824130191960505,4.38698100740067,0.2540915613085125,1.3584999999999998,1.4359276312027782,0.16911846341004105,0.9358170933093082,-1.124727497082557,3.788620422701385
201910,1.3473104633373945,-2.079890663136895,1.3760131505230153,1.9569999999999999,-1.0385258531981847,0.10776047528725569,-1.7520779950982677,0.36045518191828047,6.637431472082153
201911,0.005015610513608326,0.9251297086903423,-0.2541655431021407,3.6765,4.348365182665722,0.23401456458879977,1.7430699947080168,1.1869756871748893,11.145405147238414
201912,1.2980556834233599,-1.3799114288181733,-4.294583976059012,2.6315,2.6824597404060113,0.1591720632118201,3.9167606503918346,1.2526559329578657,8.947197356479252
202001,0.9116970633492714,0.6077414430800692,1.794331758589687,-0.1045,-0.7971624123065582,0.10050915731657752,1.1620591717850248,0.9731602917747472,0.5752909171368994
202002,0.09942645575258124,-2.6213733165020985,2.442085138662155,-7.7235000000000005,-6.52551531653573,0.14803141237393455,-2.473959810623282,-0.6342989458695795,-23.387748830978506
202003,-7.628209895763632,1.8824585801871172,2.679015850159099,-12.7205,-11.228491158463187,0.2711776542102138,-7.9456200809633035,2.1180212749707743,-39.17513220334745
202004,6.1574928608373645,-2.0782331808299195,1.5252016699998623,12.9675,11.632982899600783,0.20488209892797893,5.142036152758882,-0.10976085468743357,42.72194470937187
202005,2.7968068193354907,-0.00945488177577386,2.256725941592813,5.301,4.5817228204355205,0.060912724447732915,1.6027514688726678,1.8428393627443236,16.59244466458286
202006,1.5123796668330929,2.8423076562160476,2.3136248821358496,2.3369999999999997,3.344345739575158,0.08441920274869409,1.8217825494486175,0.5020865125536822,8.016747074191816
202007,3.4767266830808237,1.6690583107578418,0.8348302536661345,5.4815,5.420842340174407,0.0452174668245984,3.600605930507882,-0.8933876289128891,17.057772137540816
202008,5.555535917691078,-4.284633174982454,-0.7830100581284992,7.2485,5.993065965994678,0.060043325357583215,4.433865308023953,-0.20424162988315564,23.75823060889792
202009,-4.015156285247862,3.5984089828432304,3.651281528363158,-3.4484999999999997,-1.067553383391137,0.2334340271572629,-1.0398017437902738,2.3106320926365127,-9.485733251850712
202010,3.2332920044200764,3.191588787621579,1.7745908767037077,-1.9949999999999999,1.1418959979131806,-0.03979150432032558,-2.1606560583775662,1.1010614883412715,-6.088636271522069
202011,3.285506078318595,1.2506020632098245,3.7161893594179176,11.8465,10.885665273010902,0.1860893877477725,7.506459948356747,1.8097516227629438,38.14237025616289
202012,2.766973738439631,0.9551203180948545,2.9615636060352455,4.398499999999999,5.5639484363910725,0.05608889475328778,4.052230061658934,0.8388115882699314,13.610613047649831
202101,0.2912363169777934,-0.3341840910323354,5.145263402564711,-0.028499999999999998,-0.9810958196676843,0.17105876315507124,-1.9067445005570267,1.3143910915190047,0.808679156308192
202102,1.7266550918233352,3.8378652735253707,1.9961668964882482,2.6409999999999996,2.1238486169651125,0.12877950499967697,-0.5777354805111167,-4.35203358301756,9.842555807839027
202103,3.1037688668862558,-0.04506190889911771,1.9902561860516124,2.9259999999999997,0.8582043787592037,0.027027849881083976,1.2859587941684738,2.853386691279891,8.460369044314762
202104,3.274304241318902,-1.9712640320802364,0.7198762075244644,4.6834999999999996,6.539093433100591,0.1160543428053706,2.38048614496453,-0.004245078669683211,15.5739567691965
202105,-0.0633260634257603,-1.4192458337833487,-1.193231251320142,0.27549999999999997,-1.8573598227223878,0.025826019173093406,-2.478664213086493,2.0099802668999067,1.9596702219431215
202106,2.78924044422622,4.544625427102459,3.6643343764735197,2.6125,3.4147165225544236,-0.06339904378615493,0.15174118283474003,2.3706355120376896,8.42710542589501
202107,0.3159537590879904,1.0500115331849278,-2.3982739289201067,1.2065,-2.220737095272513,-0.13903037723136388,1.1577197723063493,-0.9815389413080567,4.659436433426975
202108,3.1300819685265138,-0.2565249226691537,3.0763828534388646,2.7645,0.5992431989348095,-0.10288369011990772,1.8146467033046165,-2.0962313765248193,8.814504324640922
202109,-0.7155620370245749,-0.826540661140173,0.7379741247753475,-4.1514999999999995,-3.5794502048098296,-0.019156627839706508,-5.293889733568088,1.1310655105795568,-13.520363710427148
202110,2.99153327726636,1.5428626829535577,0.6038388101089441,6.3175,6.353198137782346,-0.06723639604854179,1.1377878516334872,1.5749259743048136,20.2565190440473
202111,-0.40735845460243625,-3.0791126444483647,-1.4855885968182787,-1.4725,-0.6788832333295127,0.17073279413979464,2.3004483449853543,-0.6792403329233277,-3.859984022398689
202112,3.4445077388922183,0.00020258276650036988,-0.39539275140115826,2.945,3.614239992788347,0.056280047185870846,0.10938046060360174,0.7770591519181476,9.097594741612834
202201,-0.092126076547137,-2.02777633797583,0.24992128160613725,-5.9375,-6.841581921673901,0.24549932822070328,-4.785091601796218,1.937164123851281,-17.87647852006081
202202,-0.917304168059345,-1.082124360665258,2.8994910107085636,-2.1755,-0.5755868550274987,0.05730974210532565,-2.4251338078073217,-0.45747541626961585,-7.159526815127595
202203,3.269515886894337,2.177921199526859,0.477579574477763,2.8974999999999995,1.2000512409069455,-0.015703297306444777,0.3156316202431001,0.5805164988349414,9.834256383638287
202204,-3.3272117739195783,0.9684040131088669,3.969035905302293,-8.987,-8.150332771001809,0.034813941203821794,-3.3870679592260213,1.7674535894092198,-29.06114856083989
202205,1.0982174310563062,4.36741697667898,0.9494383236204104,-0.323,-1.1961057677066842,-0.03343576587455016,-0.18688829028887277,1.1624275836440674,-0.7949950093382059
202206,-4.559998563359468,-0.5367893327391358,2.373599921213012,-8.0085,-5.646443603104266,0.06430321059166444,-1.765931815344881,-1.8275167171474078,-25.65515078505566
202207,5.506037300853795,-3.670564821608424,3.3235537729742077,9.0915,5.167214594205014,0.12332401209336706,4.895386970298461,-0.4305623472084582,29.115280764848308
202208,-1.1542280635061881,-1.2816826666335617,1.8104878037941585,-3.5814999999999997,-3.99948100700296,-0.04281074768629087,-2.2069794436285184,-2.6199585214672796,-11.638980757029262
202209,-2.6407594196190054,0.341477316621594,1.2066278847736207,-8.882499999999999,-8.396273527678977,0.13891906805554127,-8.208565272817562,4.911722834563903,-27.80025399434312
202210,3.2900224217374663,2.8490295451851786,1.9656390065084466,7.4384999999999994,7.728801272596858,0.0991023811188821,3.743378921366881,2.0647444401841035,24.367164577050104
202211,1.6150242009627573,0.4746098896740929,0.054054566921730496,4.369999999999999,4.132530340996289,0.025099058073297098,4.448277719595739,0.7302371816347699,14.882493779375924
202212,-2.144610018355579,0.5036612488900173,1.1722919095562685,-6.0895,-3.2766463403133836,0.29094478824128056,-2.1274248210276507,-2.965015188624506,-18.772379143847754
202301,4.303679287371246,0.3324650452840295,2.8889039879905294,6.3175,6.697050413286088,0.2433300568637154,3.496875561083648,-1.0651027129364103,20.55001413198917
